{"cameraMode":{"drawMode":0,"name":"Shaded","section":"Shading Mode"},"sceneLighting":true,"audioPlay":false,"sceneViewState":{"m_AlwaysRefresh":false,"showFog":true,"showSkybox":true,"showFlares":true,"showImageEffects":true,"showParticleSystems":true,"showVisualEffectGraphs":true,"m_FxEnabled":false},"in2DMode":false,"pivot":{"x":1.2367185354232789,"y":0.09012317657470703,"z":-8.47087287902832},"rotation":{"x":0.45670709013938906,"y":-0.009066309779882431,"z":0.004648071248084307,"w":0.8895726203918457},"size":9.49914836883545,"orthographic":false}