{"cameraMode":{"drawMode":0,"name":"Shaded","section":"Shading Mode"},"sceneLighting":true,"audioPlay":false,"sceneViewState":{"m_AlwaysRefresh":false,"showFog":true,"showSkybox":true,"showFlares":true,"showImageEffects":true,"showParticleSystems":true,"showVisualEffectGraphs":true,"m_FxEnabled":false},"in2DMode":false,"pivot":{"x":-10.632473945617676,"y":-1.6131553649902344,"z":17.285785675048829},"rotation":{"x":0.17588184773921967,"y":-0.5079019665718079,"z":0.10695810616016388,"w":0.8365534543991089},"size":11.229068756103516,"orthographic":false}