{"cameraMode":{"drawMode":0,"name":"Shaded","section":"Shading Mode"},"sceneLighting":true,"audioPlay":false,"sceneViewState":{"m_AlwaysRefresh":false,"showFog":true,"showSkybox":true,"showFlares":true,"showImageEffects":true,"showParticleSystems":true,"showVisualEffectGraphs":true,"m_FxEnabled":true},"in2DMode":false,"pivot":{"x":1.360324740409851,"y":4.1062469482421879,"z":-4.473934173583984},"rotation":{"x":-0.39139655232429507,"y":0.025390461087226869,"z":-0.010804778896272183,"w":-0.9198111295700073},"size":13.64665699005127,"orthographic":false}