{"cameraMode":{"drawMode":0,"name":"Shaded","section":"Shading Mode"},"sceneLighting":true,"audioPlay":false,"sceneViewState":{"m_AlwaysRefresh":false,"showFog":true,"showSkybox":true,"showFlares":true,"showImageEffects":true,"showParticleSystems":true,"showVisualEffectGraphs":true,"m_FxEnabled":false},"in2DMode":false,"pivot":{"x":0.007596433162689209,"y":1.8611133098602296,"z":7.426730155944824},"rotation":{"x":0.024772951379418374,"y":-0.4207001328468323,"z":0.011492336168885231,"w":0.9068329334259033},"size":1.0416786670684815,"orthographic":false}