{"cameraMode":{"drawMode":0,"name":"Shaded","section":"Shading Mode"},"sceneLighting":true,"audioPlay":false,"sceneViewState":{"m_AlwaysRefresh":false,"showFog":true,"showSkybox":true,"showFlares":true,"showImageEffects":true,"showParticleSystems":true,"showVisualEffectGraphs":true,"m_FxEnabled":false},"in2DMode":false,"pivot":{"x":4.492499828338623,"y":0.5049996972084045,"z":4.494999408721924},"rotation":{"x":0.6938654780387878,"y":0.004780033603310585,"z":-0.0045976703986525539,"w":0.7201480865478516},"size":5.27686071395874,"orthographic":false}