{"cameraMode":{"drawMode":0,"name":"Shaded","section":"Shading Mode"},"sceneLighting":false,"audioPlay":false,"sceneViewState":{"m_AlwaysRefresh":false,"showFog":true,"showSkybox":false,"showFlares":true,"showImageEffects":true,"showParticleSystems":true,"showVisualEffectGraphs":true,"m_FxEnabled":false},"in2DMode":false,"pivot":{"x":0.03753381967544556,"y":0.648391842842102,"z":-0.31376686692237856},"rotation":{"x":0.22550874948501588,"y":-0.7744303345680237,"z":0.4243908226490021,"w":0.4115031957626343},"size":0.8958237767219544,"orthographic":false}