{"cameraMode":{"drawMode":0,"name":"Shaded","section":"Shading Mode"},"sceneLighting":false,"audioPlay":false,"sceneViewState":{"m_AlwaysRefresh":false,"showFog":true,"showSkybox":false,"showFlares":true,"showImageEffects":true,"showParticleSystems":true,"showVisualEffectGraphs":true,"m_FxEnabled":false},"in2DMode":false,"pivot":{"x":0.9976162910461426,"y":1.0073918104171754,"z":1.4484548568725587},"rotation":{"x":0.08432113379240036,"y":-0.9157028794288635,"z":0.27756109833717348,"w":0.2781734764575958},"size":0.304176390171051,"orthographic":false}