{"cameraMode":{"drawMode":0,"name":"Shaded","section":"Shading Mode"},"sceneLighting":false,"audioPlay":false,"sceneViewState":{"m_AlwaysRefresh":false,"showFog":true,"showSkybox":false,"showFlares":true,"showImageEffects":true,"showParticleSystems":true,"showVisualEffectGraphs":true,"m_FxEnabled":false},"in2DMode":false,"pivot":{"x":5.025608062744141,"y":0.41207095980644228,"z":0.08731132000684738},"rotation":{"x":0.5507361888885498,"y":-0.21728414297103883,"z":0.15115654468536378,"w":0.7916649580001831},"size":0.6009232997894287,"orthographic":false}