{"cameraMode":{"drawMode":0,"name":"Shaded","section":"Shading Mode"},"sceneLighting":false,"audioPlay":false,"sceneViewState":{"m_AlwaysRefresh":false,"showFog":true,"showSkybox":false,"showFlares":true,"showImageEffects":true,"showParticleSystems":true,"showVisualEffectGraphs":true,"m_FxEnabled":false},"in2DMode":false,"pivot":{"x":0.4245873689651489,"y":-0.00039076805114746094,"z":0.5617395043373108},"rotation":{"x":0.448511004447937,"y":-0.5508963465690613,"z":0.5150992274284363,"w":0.4797189235687256},"size":1.1993746757507325,"orthographic":false}