{"cameraMode":{"drawMode":0,"name":"Shaded","section":"Shading Mode"},"sceneLighting":false,"audioPlay":false,"sceneViewState":{"m_AlwaysRefresh":false,"showFog":true,"showSkybox":false,"showFlares":true,"showImageEffects":true,"showParticleSystems":true,"showVisualEffectGraphs":true,"m_FxEnabled":false},"in2DMode":false,"pivot":{"x":-0.37416160106658938,"y":-0.3236452341079712,"z":-0.10157820582389832},"rotation":{"x":0.15385116636753083,"y":-0.7602871656417847,"z":0.19476951658725739,"w":0.6003867983818054},"size":1.0481772422790528,"orthographic":false}